create database SupplierData;
use SupplierData;
CREATE TABLE Supplier (
    sid INT PRIMARY KEY,
    sname VARCHAR(50),
    city VARCHAR(50)
);
CREATE TABLE Parts (
    pid INT PRIMARY KEY,
    pname VARCHAR(50),
    color VARCHAR(20)
);
CREATE TABLE Catalog (
    sid INT,
    pid INT,
    cost INT,
    PRIMARY KEY (sid, pid),
    FOREIGN KEY (sid) REFERENCES Supplier(sid),
    FOREIGN KEY (pid) REFERENCES Parts(pid)
);
INSERT INTO Supplier VALUES
(10001, 'Acme Widget', 'Bangalore'),
(10002, 'Johns', 'Kolkata'),
(10003, 'Vimal', 'Mumbai'),
(10004, 'Reliance', 'Delhi');
INSERT INTO Parts VALUES
(20001, 'Book', 'Red'),
(20002, 'Pen', 'Red'),
(20003, 'Pencil', 'Green'),
(20004, 'Mobile', 'Green'),
(20005, 'Charger', 'Black');
INSERT INTO Catalog VALUES
(10001, 20001, 10),
(10001, 20002, 30),
(10001, 20003, 10),
(10001, 20005, 10),
(10002, 20001, 30),
(10002, 20003, 10),
(10002, 20005, 30),
(10003, 20001, 30),
(10004, 20005, 40);
SELECT DISTINCT p.pname
FROM Parts p
JOIN Catalog c ON p.pid = c.pid;
SELECT s.sname
FROM Supplier s
JOIN Catalog c ON s.sid = c.sid
GROUP BY s.sid, s.sname
HAVING COUNT(DISTINCT c.pid) = (SELECT COUNT(*) FROM Parts);
SELECT s.sname
FROM Supplier s
JOIN Catalog c ON s.sid = c.sid
JOIN Parts p ON c.pid = p.pid
WHERE p.color = 'Red'
GROUP BY s.sid, s.sname
HAVING COUNT(DISTINCT p.pid) = (
    SELECT COUNT(*) FROM Parts WHERE color = 'Red'
);
SELECT p.pname
FROM Parts p
JOIN Catalog c ON p.pid = c.pid
JOIN Supplier s ON c.sid = s.sid
WHERE s.sname = 'Acme Widget'
AND p.pid NOT IN (
    SELECT pid FROM Catalog c2
    JOIN Supplier s2 ON c2.sid = s2.sid
    WHERE s2.sname <> 'Acme Widget'
);
SELECT DISTINCT c.sid
FROM Catalog c
JOIN (
    SELECT pid, AVG(cost) AS avg_cost
    FROM Catalog
    GROUP BY pid
) A ON c.pid = A.pid
WHERE c.cost > A.avg_cost;
SELECT p.pid, s.sname
FROM Parts p
JOIN Catalog c ON p.pid = c.pid
JOIN Supplier s ON s.sid = c.sid
WHERE c.cost = (
    SELECT MAX(cost)
    FROM Catalog c2
    WHERE c2.pid = p.pid
);